-- Creating the database

CREATE DATABASE Property;
GO

USE Property;
GO

CREATE TABLE country (
initials_country CHAR(2) NOT NULL PRIMARY KEY,
name_country VARCHAR(50) NOT NULL
); 
GO

CREATE TABLE range_property (
code_range INTEGER NOT NULL PRIMARY KEY,
name_range VARCHAR(50) NOT NULL,
value_minimum DECIMAL(8,2) NOT NULL,
value_maximum DECIMAL(9,2) NOT NULL
);
GO

CREATE TABLE city (
code_city INTEGER NOT NULL PRIMARY KEY,
name_city VARCHAR(80) NOT NULL,
-- FK
initials_country CHAR(2) NOT NULL,
FOREIGN KEY (initials_country) REFERENCES country(initials_country)
);
GO

CREATE TABLE neighborhood (
code_neighborhood INTEGER NOT NULL PRIMARY KEY,
name_neighborhood VARCHAR(80) NOT NULL,
-- FKS
code_city INTEGER NOT NULL,
initials_country CHAR(2) NOT NULL,
FOREIGN KEY (code_city) REFERENCES city(code_city),
FOREIGN KEY (initials_country) REFERENCES country(initials_country)
);
GO

CREATE TABLE buyers (
code_buyer INTEGER NOT NULL PRIMARY KEY,
name_buyer VARCHAR(80) NOT NULL,
name_address_buyer VARCHAR(100) NOT NULL, 
number_cpfbuyer DECIMAL(11,0) NOT NULL,
telephone_buyer BIGINT NOT NULL,
-- FKS
code_city INTEGER NOT NULL,
code_neighborhood INTEGER NOT NULL,
initials_country CHAR(2) NOT NULL,
FOREIGN KEY (code_city) REFERENCES city(code_city),
FOREIGN KEY (code_neighborhood) REFERENCES neighborhood(code_neighborhood),
FOREIGN KEY (initials_country) REFERENCES country(initials_country)
);
GO

CREATE TABLE salesman (
code_salesman INTEGER NOT NULL PRIMARY KEY,
name_salesman VARCHAR(80) NOT NULL,
name_address VARCHAR(100) NOT NULL,
number_cpf DECIMAL(11,0) NOT NULL,
telephone BIGINT NOT NULL,
birth_date DATE NOT NULL,
-- FKS
code_city INTEGER NOT NULL,
code_neighborhood INTEGER NOT NULL,
initials_country CHAR(2) NOT NULL,
FOREIGN KEY (code_city) REFERENCES city(code_city),
FOREIGN KEY (code_neighborhood) REFERENCES neighborhood(code_neighborhood),
FOREIGN KEY (initials_country) REFERENCES country(initials_country)
);
GO

CREATE TABLE property (
code_property INTEGER NOT NULL PRIMARY KEY,
name_address VARCHAR(100) NOT NULL,
number_useful_area INTEGER NOT NULL,
number_total_area INTEGER NOT NULL,
value_price DECIMAL(12,2) NOT NULL,
status_sold VARCHAR(1) NOT NULL,
date_launch DATE NOT NULL,
-- FKS
code_salesman INTEGER NOT NULL,
code_city INTEGER NOT NULL,
code_neighborhood INTEGER NOT NULL,
initials_country CHAR(2) NOT NULL,
FOREIGN KEY (code_salesman) REFERENCES salesman(code_salesman),
FOREIGN KEY (code_city) REFERENCES city(code_city),
FOREIGN KEY (code_neighborhood) REFERENCES neighborhood(code_neighborhood),
FOREIGN KEY (initials_country) REFERENCES country(initials_country)
);
GO

CREATE TABLE offer(
code_offer INTEGER NOT NULL PRIMARY KEY,
value_offer DECIMAL(12,2) NOT NULL,
date_offer DATE NOT NULL,
-- FKS
code_buyer INTEGER NOT NULL,
code_property INTEGER NOT NULL,
FOREIGN KEY (code_buyer) REFERENCES buyers(code_buyer),
FOREIGN KEY (code_property) REFERENCES property(code_property)
);
GO

----------------------------------------------------------------------------
-- Part 1 - Inserting all Brazilian countries in the country Table

INSERT INTO country
VALUES
	('AC', 'Acre'),
	('AL', 'Alagoas'),
	('AP', 'Amapa'),
	('AM', 'Amazonas'),
	('BA', 'Bahia'),
	('CE', 'Ceara'),
	('ES', 'Espirito Santo'),
	('GO', 'Goias'),
	('MA', 'Maranhao'),
	('MT', 'Mato Grosso'),
	('MS', 'Mato Grosso do Sul'),
	('MG', 'Minas Gerais'),
	('PA', 'Para'),
	('PB', 'Paraiba'),
	('PR', 'Parana'),
	('PE', 'Pernambuco'),
	('PI', 'Piaui'),
	('RR', 'Roraima'),
	('RO', 'Rondonia'),
	('RJ', 'Rio de Janeiro'),
	('RN', 'Rio Grande do Norte'),
	('RS', 'Rio Grande do Sul'),
	('SC', 'Santa Catarina'),
	('SP', 'Sao Paulo'),
	('SE', 'Sergipe'),
	('TO', 'Tocantins')
GO

----------------------------------------------------------------------------
-- Part 2 - Inserting all Brazilian capitals and two main municipalities in each county in the city table

INSERT INTO city
VALUES
	(1, 'Rio Branco', 'AC'),
	(2, 'Brasilia', 'AC'),
	(3, 'Cruzeiro do Sul', 'AC'),
	(4, 'Maceio', 'AL' ),
	(5, 'Arapiraca', 'AL'),
	(6, 'Rio Largo', 'AL'),
	(7, 'Macapa', 'AP'),
	(8, 'Santana', 'AP'),
	(9, 'Laranjal do Jari', 'AP'),
	(10, 'Manaus', 'AM'),
	(11, 'Alvaraes', 'AM'),
	(12, 'Barcelos', 'AM'),
	(13, 'Salvador', 'BA'),
	(14, 'Feira de Santana', 'BA'),
	(15, 'Vitoria da Conquista', 'BA'),
	(16, 'Fortaleza', 'CE'),
	(17, 'Caucaia', 'CE'),
	(18, 'Juazeiro do Norte', 'CE'),
	(19, 'Vitoria', 'ES'),
	(20, 'Serra', 'ES'),
	(21, 'Vila Velha', 'ES' ),
	(22, 'Goiania', 'GO'),
	(23, 'Abadia de Goias', 'GO'),
	(24, 'Bom Jesus de Goias', 'GO'),
	(25, 'Sao Luis', 'MA'),
	(26, 'Imperatriz', 'MA'),
	(27, 'Sao Jose do Ribamar', 'MA'),
	(28, 'Cuiaba', 'MT'),
	(29, 'Varzea Grande', 'MT'),
	(30, 'Rondonopolis', 'MT'),
	(31, 'Campo Grande', 'MS'),
	(32, 'Dourados', 'MS'),
	(33, 'Tres Lagoas','MS'),
	(34, 'Belo Horizonte', 'MG'),
	(35, 'Uberlendia', 'MG'),
	(36, 'Juiz de Fora', 'MG'),
	(37, 'Belem', 'PA'),
	(38, 'Santarem', 'PA'),
	(39, 'Maraba', 'PA'),
	(40, 'Joao Pessoa', 'PB'),
	(41, 'Campina Grande', 'PB'),
	(42, 'Santa Rita', 'PB'),
	(43, 'Curitiba', 'PR'),
	(44, 'Londrina', 'PR'),
	(45, 'Maringa', 'PR'),
	(46, 'Recife', 'PE'),
	(47, 'Caruaru', 'PE'),
	(48, 'Olinda', 'PE'),
	(49, 'Teresina', 'PI'),
	(50, 'Acaua', 'PI'),
	(51, 'Agricolandia', 'PI'),
	(52, 'Rio de Janeiro', 'RJ'),
	(53, 'Volta Redonda', 'RJ'),
	(54, 'Niteroi', 'RJ'),
	(55, 'Natal', 'RN'),
	(56, 'Mossoro', 'RN'),
	(57, 'Parnamirim', 'RN'),
	(58, 'Porto Alegre', 'RS'),
	(59, 'Pelotas', 'RS'),
	(60, 'Farroupilha', 'RS'),
	(61, 'Porto Velho', 'RO'),
	(62, 'Costa Marques', 'RO'),
	(63, 'Vilhena', 'RO'),
	(64, 'Boa Vista', 'RR'),
	(65, 'Pacaraima', 'RR'),
	(66, 'Canta', 'RR'),
	(67, 'Florianopolis', 'SC'),
	(68, 'Laguna', 'SC'),
	(69, 'Porto Velho', 'SC'),
	(70, 'Sao Paulo', 'SP'),
	(71, 'Guarulhos', 'SP'),
	(72, 'Osasco', 'SP'),
	(73, 'Aracaju', 'SE'),
	(74, 'Sao Francisco', 'SE'),
	(75, 'Macambira', 'SE'),
	(76, 'Palmas', 'TO'),
	(77, 'Novo Alegre', 'TO'),
	(78, 'Sampaio', 'TO')
GO

----------------------------------------------------------------------------
-- Part 3 - Inserting two neighborhoods of each city in the neighborhoods table

INSERT INTO neighborhood
VALUES
	(1, 'Raimundo Melo', 1, 'AC'),
	(2, 'Conjunto Solar', 1, 'AC'),
	(3, 'Geraldo Fleming', 1, 'AC'),
	(4, 'Centro', 2, 'AC'),
	(5, '3 Botequins', 2, 'AC'),
	(6, 'Barao 317', 2, 'AC'),
	(7, 'Centro', 3, 'AC'),
	(8, 'Aeroporto', 3, 'AC'),
	(9, 'Bairro Miritizal', 3, 'AC'),
	(10, 'Centro', 4, 'AL'),
	(11, 'Bom Parto', 4, 'AL'),
	(12, 'Fernao Velho', 4, 'AL'),
	(13, 'Alto Cruzeiro', 5, 'AL'),
	(14, 'Massaranduba', 5, 'AL'),
	(15, 'Boa Vista', 5, 'AL'),
	(16, 'Brasil Novo', 6, 'AL'),
	(17, 'Utinga', 6, 'AL'),
	(18, 'Mata Rolo', 6, 'AL'),
	(19, 'Alvorada', 7, 'AP'),
	(20, 'Central', 7, 'AP'),
	(21, 'Bona Azul', 7, 'AP'),
	(22, 'Vila Amazonas', 8, 'AP'),
	(23, 'Centro', 8, 'AP'),
	(24, 'Fonte Nova', 8, 'AP'),
	(25, 'Agresre', 9, 'AP'),
	(26, 'Centro', 9, 'AP'),
	(27, 'Malvina', 9, 'AP'),
	(28, 'Alvorada', 10, 'AM'),
	(29, 'Centro', 10, 'AM'),
	(30, 'Redencao', 10, 'AM'),
	(31, 'Novo I', 11, 'AM'),
	(32, 'Centro', 11, 'AM'),
	(33, 'Visaginha', 11, 'AM'),
	(34, 'Gruta', 12, 'AM'),
	(35, 'Centro', 12, 'AM'),
	(36, 'Nazare', 12, 'AM'),
	(37, 'Rio Sena', 13, 'BA'),
	(38, 'Centro', 13, 'BA'),
	(39, 'Barra', 13, 'BA'),
	(40, 'Calumbi', 14, 'BA'),
	(41, 'Aviario', 14, 'BA'),
	(42, 'Conceicao', 14, 'BA'),
	(43, 'Centro', 15, 'BA'),
	(44, 'Felecia', 15, 'BA'),
	(45, 'Zabele', 15, 'BA'),
	(46, 'Jardim Iracema', 16, 'CE'),
	(47, 'Centro', 16, 'CE'),
	(48, 'Damas', 16, 'CE'),
	(49, 'Capua', 17, 'CE'),
	(50, 'Centro', 17, 'CE'),
	(51, 'Santa Fe', 17, 'CE'),
	(52, 'Romeirao', 18, 'CE'),
	(53, 'Centro', 18,'CE'),
	(54, 'Iparana', 18, 'CE'),
	(55, 'Bonfim', 19, 'ES'),
	(56, 'Centro', 19, 'ES'),
	(57, 'Penha', 19, 'ES'),
	(58, 'Ourimar', 20, 'ES'),
	(59, 'Centro', 20, 'ES'),
	(60, 'Jacuhy', 20, 'ES'),
	(61, 'Alecrim', 21, 'ES'),
	(62, 'Alvoada', 21, 'ES'),
	(63, 'Horto', 21, 'ES'),
	(64, 'Jardim Sao Jose', 22, 'GO'),
	(65, 'Setor Santa Rita', 22, 'GO'),
	(66, 'Jardim Planato', 22, 'GO'),
	(67, 'Jardim Itaruma', 23, 'GO'),
	(68, 'Parque Izabel', 23, 'GO'),
	(69, 'Quinta Sonho', 23, 'GO'),
	(70, 'Olimpia', 24, 'GO'),
	(71, 'Tropical',  24, 'GO'),
	(72, 'Zona Rural',  24, 'GO'),
	(73, 'Diamante', 25, 'MA'),
	(74, 'Terra Livre', 25, 'MA'),
	(75, 'Anjo Guarda', 25, 'MA'),
	(76, 'Ouro Verde', 26, 'MA'),
	(77, 'Centro', 26, 'MA'),
	(78, 'Parque das Estrelas', 26, 'MA'),
	(79, 'Pindai', 27, 'MA'),
	(80, 'Barbosa', 27, 'MA'),
	(81, 'Saramanta', 27, 'MA'),
	(82, 'Araes', 28, 'MT'),
	(83, 'Jardim Aquarius', 28, 'MT'),
	(84, 'Quarta Feira', 28, 'MT'),
	(85, '23 de Setembro', 29, 'MT'),
	(86, 'Petropolis', 29, 'MT'),
	(87, 'Cohab 7 maio', 29, 'MT'),
	(88, 'Cidade Alta', 30, 'MT'),
	(89, 'Centro', 30, 'MT'),
	(90, 'Bom Pastor', 30, 'MT'),
	(91, 'Bom Retiro', 31, 'MS'),
	(92, 'Jardim Italia', 31, 'MS'),
	(93, 'Parque do Sol', 31, 'MS'),
	(94, 'Laranja Doce', 32, 'MS'),
	(95, 'Santa Rita do Pardo', 32, 'MS'),
	(96, 'Panambi Vera', 32, 'MS'),
	(97, 'Carioca', 33, 'MS'),
	(98, 'Centro', 33, 'MS'),
	(99, 'Vila Haro', 33, 'MS'),
	(100, 'Miramar', 34, 'MG'),
	(101, 'Sao Gabriel', 34, 'MG'),
	(102, 'Anchieta', 34, 'MG'),
	(103, 'Cazeca', 35, 'MG'),
	(104, 'Dona Zulmira', 35, 'MG'),
	(105, 'Guarani', 35, 'MG'),
	(106, 'Bairu', 36, 'MG'),
	(107, 'Grama', 36, 'MG'),
	(108, 'Novo Triunfo', 36, 'MG'),
	(109, 'Fatima', 37, 'PA'),
	(110, 'Centro', 37, 'PA'),
	(111, 'Aguas Lindas', 37, 'PA'),
	(112, 'Vitoria Regia', 38, 'PA'),
	(113, 'Aparecida', 38, 'PA'),
	(114, 'Centro', 38, 'PA'),
	(115, 'Vila Sao Jose', 39, 'PA'),
	(116, 'Liberdade', 39, 'PA'),
	(117, 'Mor Nova', 39, 'PA'),
	(118, 'Manaira', 40, 'PB'),
	(119, 'Bessa', 40, 'PB'),
	(120, 'Tambau', 40, 'PB'),
	(121, 'Palmeira', 41, 'PB'),
	(122, 'Itarare', 41, 'PB'),
	(123, 'Jardim Quarenta', 41, 'PB'),
	(124, 'Eitelephone santiago', 42, 'PB'),
	(125, 'Tibiri', 42, 'PB'),
	(126, 'Centro', 42, 'PB'),
	(127, 'Lindoia', 43, 'PR'),
	(128, 'Barigui', 43, 'PR'),
	(129, 'Atuba', 43, 'PR'),
	(130, 'Jardim Ok', 44, 'PR'),
	(131, 'Centro', 44, 'PR'),
	(132, 'Perobinha', 44, 'PR'),
	(133, 'Portal das Torres', 45, 'PR'),
	(134, 'Cidade Jardim', 45, 'PR'),
	(135, 'Bom Jardim', 45, 'PR'),
	(136, 'Curado', 46, 'PE'),
	(137, 'Barro', 46, 'PE'),
	(138, 'Monteiro', 46, 'PE'),
	(139, 'Vassoural', 47, 'PE'),
	(140, 'Centro', 47, 'PE'),
	(141, 'Kennedy', 47, 'PE'),
	(142, 'Rio Doce', 48, 'PE'),
	(143, 'Arruda', 48, 'PE'),
	(144, 'Fragoso', 48, 'PE'),
	(145, 'Saci', 49, 'PI'),
	(146, 'Alto Alegre', 49, 'PI'),
	(147, 'Matinha', 49, 'PI'),
	(148, 'Centro', 50, 'PI'),
	(149, 'Zona Rural', 50, 'PI'),
	(150, 'Cohab', 50, 'PI'),
	(151, 'Centro', 51, 'PI'),
	(152, 'Barra da Tijuca', 52, 'RJ'),
	(153, 'Flamengo', 52, 'RJ'),
	(154, 'Leblon', 52, 'RJ'),
	(155, 'Limoeiro', 53, 'RJ'),
	(156, 'Laranjal', 53, 'RJ'),
	(157, 'Rio das Flores', 53, 'RJ'),
	(158, 'Neves', 54, 'RJ'),
	(159, 'Engenho do Mato', 54, 'RJ'),
	(160, 'Barreto', 54, 'RJ'),
	(161, 'Lagoa Azul', 55, 'RN'),
	(162, 'Mae Luiza', 55, 'RN'),
	(163, 'Tirol', 55, 'RN'),
	(164, 'Aeroporto', 56, 'RN'),
	(165, 'Centro', 56, 'RN'),
	(166, 'Santa Julia', 56, 'RN'),
	(167, 'Cotovelo', 57, 'RN'),
	(168, 'Centro', 57, 'RN'),
	(169, 'Marina', 57, 'RN'),
	(170, 'Rubem Berta', 58, 'RS'),
	(171, 'Centro Historico', 58, 'RS'),
	(172, 'Partenol', 58, 'RS'),
	(173, '10 Distrito', 59, 'RS'),
	(174, '3 Distrito', 59, 'RS'),
	(175,'Barragem', 59, 'RS'),
	(176, '1 de Maio', 60, 'RS'),
	(177, 'Espirito Santo', 60, 'RS'),
	(178, '4 Distrito', 60, 'RS'),
	(179, 'Olavo Pires', 61, 'RO'),
	(180, 'Tres Marias', 61, 'RO'),
	(181, 'Industrial', 61, 'RO'),
	(182, 'Centro', 62, 'RO'),
	(183, 'Beira do Rio', 62, 'RO'),
	(184, 'Setor 1', 62, 'RO'),
	(185, 'Setor 7', 63, 'RO'),
	(186, 'Marcos Freie' ,63, 'RO'),
	(187, 'Bonanese', 63, 'RO'),
	(188, 'Jardim Floresta', 64, 'RR'),
	(189, 'Tancredo Neves', 64, 'RR'),
	(190, 'Asa Branca', 64, 'RR'),
	(191, 'Centro', 65, 'RR'),
	(192, 'Vila Nova', 65, 'RR'),
	(193, 'Elsen Montenegro', 65, 'RR'),
	(194, 'Santa Cecilia', 66, 'RR'),
	(195, 'Centro', 66, 'RR'),
	(196, 'Vila Uniao', 66, 'RR'),
	(197, 'Trindade', 67, 'SC'),
	(198, 'Morro das Pedras', 67, 'SC'),
	(199, 'Canto', 67, 'SC'),
	(200, 'Prainha', 68, 'SC'),
	(201, 'Vila Juliana', 68, 'SC'),
	(202, 'Barreiros', 68, 'SC'),
	(203, 'Centro', 69, 'SC'),
	(204, 'Eldorado', 69, 'SC'),
	(205, 'Bairro Novo', 69, 'SC'), 
	(206, 'Vila Olimpia', 70, 'SP'),
	(207, 'Liberdade', 70, 'SP'),
	(208, 'Ibiapuera', 70, 'SP'),
	(209, 'Aeroporto', 71, 'SP'),
	(210, 'Camargos', 71, 'SP'),
	(211, 'Vila Iris', 71, 'SP'),
	(212, 'Centro', 72, 'SP'),
	(213, 'Novo Osasco', 72, 'SP'),
	(214, 'Continental', 72, 'SP'),
	(215, 'Olaria', 73, 'SE'),
	(216, 'Mosqueiro', 73, 'SE'),
	(217, 'Jabutiana', 73, 'SE'),
	(218, 'Centro', 74, 'SE'),
	(219, 'Lagoa', 74, 'SE'),
	(220, 'Zona Rural', 74, 'SE'),
	(221, 'Macambira', 75, 'SE'),
	(222, 'Centro', 75, 'SE'),
	(223, 'Zona Rural', 75, 'SE'),
	(224, 'Esplanada Lago', 76, 'TO'),
	(225, 'Buritirana', 76, 'TO'),
	(226, 'Taquaralto', 76, 'TO'),
	(227, 'Centro', 77, 'TO'),
	(228, 'Zona Rural', 77, 'TO'),
	(229, 'Setor Guariroba', 77, 'TO'),
	(230, 'Centro', 78, 'TO'),
	(231, 'Vila Sampaio', 78, 'TO'),
	(232, 'Boa Vista', 78, 'TO')
GO

----------------------------------------------------------------------------
-- Part 4 - Entering ten fictitious buyers

INSERT INTO buyers
VALUES
	(1,'Sophia Alana Bernares', 'Travessa Marilda Pereira, 865', 98727075109, 71986439001, 13, 37, 'BA'),
	(2, 'Pedro Felipe Barros', 'Rua Carlos Olavo Vicentini, 14', 11411577213, 96992554467, 7, 19, 'AP'),
	(3, 'Gabriela Jesus da Silva', 'Rua Jose Maurinho de Abreu, 90', 08110396763, 21935249752, 52, 152, 'RJ'),
	(4, 'Adriana Caldeira Sales', 'Rua Juiz de Fora Pinto, 62', 14207436683, 35982613755, 35, 105, 'MG'),
	(5, 'Joaquin Severino Soares', 'Rua Eunice Delfino, 352', 93671549392, 22987462454, 30, 90, 'MT'),
	(6, 'Ana Carolina Cardoso Melo', 'Rua Quinze de Novembro, 555', 70092486649, 82994428237, 4, 10, 'AL'),
	(7, 'Mashara Rebelo da Silva', 'Rua Socrates, 212', 73350935967, 11997453042, 70, 207, 'SP'),
	(8, 'Leonardo Almeida Moreno', 'Rua Frederico Lopes, 34', 20879535233, 47976331142, 69, 204, 'SC'),
	(9, 'Victor Hugo Freitas', 'Rua Olivio Domingues, 704', 68608814922,23905487330, 76, 226, 'TO'),
	(10, 'Alison Francisco Sales', 'Rua Ricardo Belem, 18', 55236458961, 68994410518, 1, 3, 'AC')
GO

----------------------------------------------------------------------------
-- Part 5 - Inserting fifteen fictitious sellers (linked with different real estate agents)

INSERT INTO salesman
VALUES
	(1, 'Sandra Regina Volpiano', 'Av. Engenheiro Luis Carlos Berrini, 43', 84964805000, 65539605903, '2002-08-04', 70, 213, 'SP'),
	(2, 'Andre Carlos Monte', 'Rua Monte Serrat, 22', 50418227004, 10571795518, '1960-01-01', 21, 61, 'ES'),
	(3, 'Carlos Roberto Pomposa', 'Rua Alberto Hinoto Bento, 99', 38117097044, 85237208474, '1901-09-08', 17, 50, 'CE'),
	(4, 'Gabriel Lopes Queiros', 'Rua Verbo Divino, 10', 69063607016, 45607111818, '2008-08-08', 19, 57, 'ES'),
	(5, 'Juan Alemany dos Santos', 'Rua Morumbi, 498', 50429872070, 76650196873, '2000-11-15', 13, 43, 'BA'),
	(6, 'Victor Fernando Parames Neto', 'Afogados, 19', 11067382097, 24446332326, '2004-04-04', 22, 66, 'GO'),
	(7, 'Brunno Alves Penna', 'Rua America, 90', 86596781097, 48722081145, '2001-03-29', 28, 85, 'MT'),
	(8, 'Lorena Figueira Bolonhese', 'Rua Charles Barbosa, 669', 11580599060, 89531340128, '1999-12-31', 46, 142, 'PE'),
	(9, 'Tatiane Marques Souza', 'Rua Oito, 4', 06879603041, 49777202895, '1968-08-22', 54, 155, 'RJ'),
	(10, 'Laura de Mello Ruas', 'Av. Carlos Lacerda', 64117644092, 18111087703, '1987-01-04', 49, 147, 'PI'),
	(11, 'Brunno Penna dos Santos', 'Vila Tramontano, 789', 15229189061, 28516276500, '2002-06-27', 4, 11, 'AL'),
	(12, 'Laura Helena Gonsalves', 'Av. Dr. Timoteo Penteado, 98', 78873945031, 74488047830, '2011-12-13', 31, 100, 'MS'),
	(13, 'Adalberto Faria Gemendo', 'Parque dos Ipes, 400', 70985765062, 22673940387, '1948-07-15', 56, 178, 'RS'),
	(14, 'Rodrigo Penna Albuquerque', 'Rua Cachoirea, 3', 34654881050, 21530459973, '2008-12-20', 44, 128, 'PR'),
	(15, 'Chester Bennington Hoolsvelt', 'Rua Cacique, 87', 11394840012, 65189424690, '2007-07-07', 33, 95, 'MS')
GO

----------------------------------------------------------------------------
-- Part 6 - Registering a real estate by neighborhood table

INSERT INTO property
VALUES
	(1, 'Rua 25 de Dezembro, 376', 330, 100, 450000.00, 'N', '2019/04/05', 1, 1, 1, 'AC'),
	(2, 'Rua Morada do Sol, 51', 180, 300, 230000.00, 'S', '2013/09/17', 2, 1, 2, 'AC'),
	(3, 'Rua Valdomiro Lopes, 23', 550, 2500, 480000.00, 'N', '2018/05/09', 3, 1, 3, 'AC'),
	(4, 'Rua Julieta Esteves Kairala, 173', 216, 360, 150000.00, 'S', '2014/12/27', 4, 2, 4, 'AC'),
	(5, 'Rua Agenor Novaes, 843', 70, 40, 110000.00, 'S', '2019/03/21', 5, 2, 5, 'AC'),
	(6, 'Rua Pernambuco, 181', 200, 94, 142000.00, 'N', '2016/07/10', 6, 2, 6, 'AC'),
	(7, 'Rua do Siqueira Junior, 45', 65, 115, 170000.00, 'S', '2011/02/02',7, 3, 7, 'AC'),
	(8, 'Rua Caninde Fransisco, 348', 276, 100, 562500.00, 'N', '2018/08/12', 8, 3, 8, 'AC'),	
	(9, 'Rua Jose Nolasco, 51', 179, 20, 247500.00, 'N', '2020/06/19', 9, 3, 9, 'AC'),
	(10, 'Rua Vieira Perdigao, 723', 420, 100, 1150000.00, 'N', '2020/06/11', 10, 4, 10, 'AL'),
	(11, 'Rua Sao Miguel, 67', 130, 190, 340000.00, 'S', '2013/11/04', 11, 4, 11, 'AL'),
	(12, 'Rua Osmar Loureiro, 49', 358, 150, 1100000.00, 'N', '2017/12/08', 12, 4, 12, 'AL'),
	(13, 'Rua Rosana da , 11', 80, 45, 300000.00, 'N', '2009/04/19', 13, 5, 13, 'AL'),
	(14, 'Rua Ponta Verde, 789', 380, 600, 2150000.00, 'N', '2019/07/19', 14, 5, 14, 'AL'),
	(15, 'Rua Itamambe,93', 42, 42, 200000.00, 'S', '2013/12/06', 15, 5, 15, 'AL'),
	(16, 'Rua ALterives Maciel, 55', 153, 120, 650000.00,'S','2020/06/24', 1, 6, 16, 'AL'),
	(17, 'Rua Ze Jatiuca, 78', 61, 200, 455500.00, 'N', '2017/11/18', 2, 6, 17, 'AL'),
	(18, 'Rua Garca Tortar, 873', 79, 230, 408750.00, 'S', '2019/05/15', 3, 6, 18, 'AL'),
	(19, 'Rua Largo Sao Pedro, 563', 80, 40, 158200.00, 'S', '2018/05/03', 4, 7, 19, 'AP'),
	(20, 'Rua Franca Pinto, 467', 127, 50, 650000.00, 'N', '2020/07/30', 5, 7, 20, 'AP'),
	(21, 'Rua Gaspariino Lunardi, 58', 52, 200, 280000.00, 'S', '2010/03/16', 6, 7,21, 'AP'),
	(22, 'Rua Ramal do Garden Shopping, 825', 100, 150,  210000.00, 'S', '2018/02/28', 7, 8, 22, 'AP'),
	(23, 'Rua Mendonca Furtado, 12', 150, 300, 700000.00, 'N', '2017/04/29',8, 8, 23, 'AP'),
	(24, 'Rua dos Caramuru, 1015', 98, 300, 670000.00, 'S', '2019/08/13', 9, 8, 24, 'AP'),
	(25, 'Rua Acelino de Leao, 2046', 145, 75, 315000.00, 'S', '2006/12/14', 10, 9, 25, 'AP'),
	(26, 'Rua dos Bem te vis, 04', 120, 150, 147750.00, 'N', '2009/05/09', 11, 9, 26, 'AP'),
	(27, 'Rua dos Muricis, 6479', 89, 40, 210000.00, 'N', '2011/02/16', 12, 9, 26, 'AP'),
	(28, 'Rua Nossa Senhora das Gracas, 3672', 1080, 200, 2800000.00, 'S', '2019/12/01', 13, 10, 28, 'AM'),
	(29, 'Rua do Aeroporto, 124', 4000, 21000, 80000.00, 'S', '2020/04/03', 14, 10, 29, 'AM'),
	(30, 'Rua Teberga de Toledo, 1622', 430, 100, 364000.00, 'N', '2014/06/07', 15, 10, 30, 'AM'),
	(31, 'Rua Quintal das Laranjeiras, 1000', 253, 50, 1200000.00, 'S', '2020/11/03', 1, 11, 31, 'AM'),
	(32, 'Rua Coronel Teixeira, 897', 600, 100, 1100000.00, 'S', '2020/11/24', 2, 11, 32, 'AM'),
	(33, 'Rua Rui Barbosa, 140', 150, 394, 840120.00, 'N', '2017/07/29', 3,  11, 33, 'AM'),
	(34, 'Avenida Andre Araujo, 97', 29, 100, 200000.00, 'S', '2020/12/17', 4, 12, 34, 'AM'),
	(35, 'Rua Silvio Ramos, 2467', 4003, 50, 200000.00, 'N', '2015/02/03', 5, 12, 35, 'AM'),
	(36, 'Rua Iguatu 21, 21', 612, 50, 750000.00, 'S', '2013/06/08', 6, 12, 36, 'AM'),
	(37, 'Alameda Praia de Guaratuba, 2456', 300, 200, 1350000.00, 'S', '2018/09/12', 7, 13, 37, 'BA'),
	(38, 'Rua das Gerberas, 33', 554, 100, 1900000.00, 'S', '2017/09/07', 8, 13, 38, 'BA'),
	(39, 'Rua Oscar Carroscosa, 4513', 840, 200, 1300000.00, 'N', '2020/12/27', 9, 13, 39, 'BA'),
	(40, 'Rua Plinio Moscoso, 251', 500, 150, 1700000.00, 'N', '2016/03/08', 10, 14, 40, 'BA'),
	(41, 'Rua Parambu, 596', 156, 300, 343000.00, 'N', '2018/07/28', 11, 14, 41, 'BA'),
	(42, 'Rua Alceu Amoroso Lima, 2269', 100, 400, 370000.00, 'S', '2020/11/06', 12, 14, 42, 'BA'),
	(43, 'Avenida Santa Luzia, 8003', 170, 100, 250000.00, 'S', '2015/12/09', 13, 15, 43, 'BA'),
	(44, 'Rua Rio Vermelho, 90', 40, 100, 110000.00, 'S', '2020/08/26', 14, 15, 44, 'BA'),
	(45, 'Rua Professor Sabino Silva, 398', 110, 200, 439000.00, 'N', '2020/01/13', 15, 15, 45, 'BA'),
	(46, 'Rua Leao Veloso, 667', 89, 230, 480000.00, 'S', '2017/06/21', 1, 16, 46, 'CE'),
	(47, 'Rua Fausto Aguiar, 527', 130, 50, 179500.00, 'N', '2014/07/03', 2, 16, 47, 'CE'),
	(48, 'Avenida Pompilio Gomes, 8021', 51, 40, 169000.00, 'S', '2020/06/08', 3, 16, 48, 'CE'),
	(49, 'Rua Sigefredo Pinheiros, 481', 106, 40, 195000.00, 'N', '2019/04/14', 4, 17, 49, 'CE'),
	(50, 'Rua Eca de Queiros, 6001', 440, 100, 500000.00,  'S', '2018/12/02', 5, 17, 50, 'CE'),
	(51, 'Rua Joaquim Frota, 670', 203, 100, 580500.00, 'N', '2017/02/24', 6, 17, 51, 'CE'),
	(52, 'Rua Barao do Rio Branco, 3', 2003, 200, 12000000.00, 'S', '2019/08/31', 7, 18, 52, 'CE'),
	(53, 'Rua Alagoas,547', 130, 200, 525000.00, 'N', '2020/01/20', 8, 18, 53, 'CE'),
	(54, 'Avenida Darcy Vargas,100', 170, 210, 405000.00, 'S','2020/11/30', 9, 18, 54, 'CE'),
	(55, 'Avenida Djalma Batista', 245, 200, 645000.00, 'S', '2017/08/11', 10, 19, 55, 'ES'),
    (56, 'Avenida Mario Ypiranga Monteiro', 447, 100, 555000.00, 'N', '2014/01/31', 11, 19, 56, 'ES'),
	(57, 'Avenida Almirante Henumberique Saboia, 5370',230, 100, 310000.00, 'N','2017/04/23', 12, 19, 57, 'ES'),
	(58, 'Avenida Torquato Tapajos,9580', 135, 40, 90000.00, 'S', '2018/09/16', 13, 20, 58, 'ES'),
	(59, 'Rua Elrandir, 507', 55, 45, 100000.00, 'S', '2020/07/02', 14, 20, 59, 'ES'),
	(60, 'Rua Laoze Cristo, 1659', 135, 150, 600000.00, 'N', '2019/11/30', 15, 20, 60, 'ES'),
	(61, 'Avenida Eduardo Ribeiro,4008', 300, 700, 1175000.00, 'S', '2018/03/27', 1, 21, 61, 'ES'),
	(62, 'Avenida Washington Soares, 111', 45, 60, 320000.00, 'N', '2020/04/29', 2, 21, 62, 'ES'),
	(63, 'Avenida Dom Manuel, 5347', 876, 200, 750500.00, 'S', '2017/05/18', 3, 21, 63, 'ES'),
	(64, 'Rua Massaguacu Noroe, 1409', 310, 450, 800500.00, 'N', '2019/12/31', 4, 22, 64, 'GO'),
	(65, 'Avenida Almirante Henumberique Saboia, 663', 150, 8000, 1100000.00, 'S', '2010/09/03', 5, 22, 65, 'GO'),
	(66, 'Rua Marista , 151', 50, 350, 350000.00, 'N', '2020/10/14', 6, 22, 66, 'GO'),
	(67, 'Rua da Praca, 2385', 110, 35, 550000.00, 'S', '2018/10/10', 7, 23, 67, 'GO'),
	(68, 'Rua Amaral Peixoto, 16', 370, 500, 890000.00, 'S', '2017/04/07', 8, 23, 68, 'GO'),
	(69, 'Rua Zirco Sirius, 898', 836, 1500, 3275000.00, 'N', '2020/10/08', 9, 23, 69, 'GO'),
	(70, 'Rua Rebelo, 1328', 130, 140, 750000.00, 'S', '2019/04/07', 10, 24, 70, 'GO'),
	(71, 'RUA B, 20', 155, 300, 675000.00, 'N', '2017/03/05', 11, 24, 71, 'GO'),
	(72, 'Avenida Dionisis Sampaio, 3479', 65, 750, 680500.00, 'S', '2019/11/09', 12, 24, 72, 'GO'),
	(73, 'Rua do Shopping, 70', 95, 40, 90000.00, 'N', '2019/02/20', 13, 25, 73, 'MA'),
	(74, 'Rua Boa Esperanca, 39', 150, 40, 340000.00, 'S', '2018/07/08', 14, 25, 74, 'MA'),
	(75, 'Rua Aririzal, 154', 150, 200, 490000.00, 'N', '2015/02/24', 15, 25, 75, 'MA'),
	(76, 'Rua Marques de Olinda, 602', 135, 400, 650000.00, 'S', '2019/05/07', 1, 26, 76, 'MA'),
	(77, 'Avenida dos Holandeses, 11', 140, 187, 1100000.00, 'S', '2020/03/12', 2, 26, 77, 'MA'),
	(78, 'Avenida Neiva Moreira, 300', 75, 560, 405000.00, 'N', '2018/06/07', 3, 26, 78, 'MA'),
	(79, 'Rua dos Ipes, 117', 81, 46, 205000.00, 'S', '2020/10/16', 4, 27, 79, 'MA'),
	(80, 'Rua Reserva Sao Luis, 3578', 50, 45, 133100.00, 'S','2019/05/02', 5, 27, 80, 'MA'),
	(81, 'Rua Saramanta, 280', 50, 52, 57000.00, 'N', '2020/08/21', 1, 25, 81, 'MA'),
	(82, 'Rua Ministro Joao Alberto, 170', 85, 90, 330000.00, 'N', '2019/05/10', 2, 28, 82, 'MT'),
	(83, 'Rua Lucinopolis, 12', 55, 56, 273000.00, 'N', '2019/03/12', 3, 28, 83, 'MT'),
	(84, 'Rua Caracas, 173', 76, 78, 280000.00, 'N', '2018/12/02', 4, 28, 84, 'MT'),
	(85, 'Rua Gacha, 302', 69, 70, 285000.00, 'N', '2019/01/23', 5, 29, 85, 'MT'),
	(86, 'Rua Desembargador Milton Figueiredo Ferreira Mendes, 85', 74, 76, 359000.00, 'N', '2020/02/12', 6, 29, 86, 'MT'),
	(87, 'Rua Sete, 7', 38, 39, 150900.00, 'N', '2020/09/23', 7, 29, 87, 'MT'),
	(88, 'Avenida Castelephoneo Branco, 132', 37, 38,  153000.00, 'N', '2020/07/20', 8, 30, 88, 'MT'),
	(89, 'Avenida Marechal Dutral, 840', 315, 316, 1400000.00, 'N', '2020/03/04', 9, 30, 89, 'MT'),
	(90, 'Rua do Bolivar, 304',  71, 73, 210000.00, 'N', '2019/11/23', 10, 30, 90, 'MT'),
	(91, 'Rua dos Barbosas, 230', 285, 290, 1350000.00, 'N', '2020/05/07', 11, 31, 91, 'MS'),
	(92, 'Rua Petropolis, 178', 38, 39, 167900.00, 'N', '2020/01/30', 12, 31, 92, 'MS'),
	(93, 'Rua Doutor Samuel Chaia Jacob, 31', 93, 94, 220000.00, 'N', '2020/04/14', 13, 31, 93, 'MS'),
	(94, 'Rua Ranulfo Saldivar, 508', 85, 86, 310000.00, 'N', '2018/10/13', 14, 32, 94, 'MS'),
	(95, 'Zona Rural', 290, 300, 28652.00, 'N', '2017/09/29', 15, 32, 95, 'MS'),
	(96, 'Rua Joao Candido da Camara, Jardim America', 320, 330, 130575.00, 'N', '2019/06/01', 1, 32, 96, 'MS'),
	(97, 'Rua das Seriemas', 105, 110, 240000.00, 'N', '2020/04/19', 2, 33, 97, 'MS'),
 	(98, 'Avenida Dr Eloy M. Chaves, 1313', 184, 185, 525000.00, 'N', '2019/11/23', 3, 33, 98, 'MS'),
    (99, 'Rua Macapa, 687', 59, 59, 150000.00, 'N', '2020/04/12', 4, 33, 99, 'MS'),
	(100, 'Rua Castor, 520', 285, 290, 900000.00, 'N', '2020/02/01', 5, 34, 100, 'MG'),
	(101, 'Rua Flor-de-guamba, 180', 75, 59, 581880.00, 'N', '2019/05/05', 6, 34, 101, 'MG'),
	(102, 'Rua La Plata, 301', 184, 185, 2762000.00, 'N', '2018/11/30', 7, 34, 102, 'MG'),
	(103, 'Rua Jose Nonato Ribeiro, 420', 72, 72, 330000.00, 'N', '2019/09/14', 8, 35, 103, 'MG'),
	(104, 'Avenida Jose Fonseca e Silva, 120', 50, 50, 150000.00, 'N', '2020/01/25', 9, 35, 104, 'MG'),
	(105, 'Rua Joao Rodrigues de Castro, 12', 39, 46, 140900.00, 'N', '2019/12/08', 10, 35, 105, 'MG'),
	(106, 'Rua Americo Luz, 655', 73, 75, 279000.00, 'N', '2020/10/19', 11, 36, 106, 'MG'),
	(107, 'Rua Albertina Vieira Loures, 698', 410, 420, 1790000.00, 'N', '2019/07/15', 12, 36, 107, 'MG'),
	(108, 'Avenida Presidente Juscelino Kubitscheck, 702', 40, 40, 154000.00, 'N', '2020/11/02', 13, 36, 108, 'MG'),
	(109, 'Rua Diogo Maia, 91', 282, 287, 330000.00, 'N', '2020/03/17', 14, 37, 109, 'PA'),
	(110, 'Avenida Independencia, 404', 910, 920, 3200000.00, 'N', '2019/08/14', 15, 37, 110, 'PA'),
	(111, 'Rua Osvaldo Cruz, 77', 46, 46, 130000.00, 'N', '2020/03/21', 1, 37, 111, 'PA'),
	(112, 'Rua Seringueira, 555', 110, 113, 750000.00, 'N', '2020/05/10', 2, 38, 112, 'PA'),
	(113, 'Rua NS Dois, 22', 25, 25, 270000.00, 'N', '2020/09/13', 3, 38, 113, 'PA'),
	(114, 'Avenida Mendonca Furtado, 786', 705, 707, 1199300.00, 'N', '2020/03/17', 4, 38, 114, 'PA'),
	(115, 'Rodovia BR-230', 87, 87, 180000.00, 'N', '2019/07/21', 5, 39, 115, 'PA'),
	(116, 'Rodovia BR-222', 133, 136, 210000.00, 'N', '2020/06/18', 6, 39, 116, 'PA'),
	(117, 'Rua Edith Junqueira de Azevedo Marques, 472', 32, 32, 159000.00, 'N', '2020/06/23', 7, 39, 117, 'PA'),
	(118, 'Avenida Umbuzeiro, 747', 132, 140, 580000.00, 'N', '2020/02/12', 8, 40, 118, 'PB'),
	(119, 'Rua Artur Monteiro Paiva, 320', 80, 90, 407287.00, 'N', '2019/08/02', 9, 40, 119, 'PB'),
	(120, 'Rua Silvino Chaves, 24', 83, 83, 419000.00, 'N', '2020/03/10', 10, 40, 120, 'PB'),
	(121, 'Rua Girardino Copozzoli, 222', 40, 40, 118900.00, 'N', '2020/05/10', 11, 41, 121, 'PB'),
	(122, 'Rua Almirante Barroso, 23', 46, 49, 135900.00, 'N', '2019/10/15', 12, 41, 122,  'PB'),
	(123, 'Rua Presidente Costa e Silva, 498', 145, 150, 210000.00, 'N', '2020/01/01', 13, 41, 123, 'PB'),
	(124, 'Rua Antonio Pereira, 167', 44, 44, 132000.00, 'N', '2020/03/25', 14, 42, 124, 'PB'),
	(125, 'Avenida Espirito Santo, 274', 92, 94, 818435.00, 'N', '2020/02/01', 15, 42, 125, 'PB'),
	(126, 'Avenida Flavio Ribeiro Coutinho, 290', 107, 107, 118000.00, 'N', '2020/05/13', 1, 42, 126, 'PB'),
	(127, 'Rua Elvira Annibaleto, 598', 22, 22, 146000.00, 'N', '2020/10/12', 2, 43, 127, 'PR'),
	(128, 'Rua Alvaro Alvim, 333', 71, 74, 598540.00, 'N', '2020/11/01', 3, 43, 128, 'PR'),
	(129, 'Rua Mauricio Antoniassi, 555', 180, 180, 847000.00, 'N', '2020/04/11', 4, 43, 129, 'PR'),
	(130, 'Rua Jorge Velho, 210', 58, 58, 350000.00, 'N', '2019/12/12', 5, 44, 130, 'PR'),
	(131, 'Avenida Maringa, 98', 70, 71, 368000.00, 'N', '2020/03/10', 6, 45, 131, 'PR'),
	(132, 'Avenida Prefeito Milton Ribeiro Menezes, 555', 43, 43, 148900.00, 'N', '2020/09/18', 7, 44, 132, 'PR'),
	(133, 'Rua Vitor do Amaral, 719', 45, 48, 147000.00, 'N', '2020/01/10', 8, 45, 133, 'PR'),
	(134, 'Rua Luiz Correa, 71', 33, 33, 120000.00, 'N', '2020/03/07', 9, 45, 135, 'PR'),
	(135, 'Rua Sindicalista Antonio Elizeu Deganutti, 32', 563, 563, 391440.00, 'N', '2019/10/12', 10, 45, 135, 'PR'),
	(136, 'Rua Pavuna, 201', 50, 50, 105000.00, 'N', '2020/05/02', 11, 46, 136, 'PE'),
	(137, 'Avenida Doutor Jose Rufino, 176', 64, 64, 320000.00, 'N', '2020/08/23', 12, 46, 137, 'PE'),
	(138, 'Rua de Apipucos, 412', 138, 140, 945000.00, 'N', '2019/11/23', 13, 46, 138, 'PE'),
	(139, 'Rua Joao Fernandes Vieira, 23', 84, 84, 330000.00, 'N', '2020/10/11', 14, 47, 139, 'PE'),
	(140, 'Rua Martins Junior, 45', 151, 151, 430000.00, 'N', '2019/12/12', 15, 47, 140, 'PE'),
	(141, 'Avenida Piedade, 111', 58, 60, 119846.00, 'N', '2020/04/10', 1, 47, 141, 'PE'),
	(142, 'Avenida Ministro Marcos Freire, 891', 370, 375, 600000.00, 'N', '2020/01/02', 2, 48, 142, 'PE'),
	(143, 'Rua Jornalista Edson Regis, 621', 90, 90, 260000.00, 'N', '2020/05/18', 3, 48, 143, 'PE'),
	(144, 'Rua Doutor Luis Ribeiro, 721', 550, 550, 780000.00, 'N', '2020/01/14', 4, 48, 144, 'PE'),
	(145, 'Avenida Nacoes Unidas, 478', 185, 190, 350000.00, 'N', '2019/10/10', 5, 49, 145, 'PI'),
	(146, 'Avenida Doutor Josue de Moura Santos, 901', 160, 160, 46287.00, 'N', '2020/02/24', 6, 49, 146, 'PI'),
	(147, 'Rua Almir Fonseca, 241', 250, 256, 480000.00, 'N', '2020/11/02', 7, 49, 147, 'PI'),
	(148, 'Rua Avelino Ferreira, 17', 40, 40, 163900.00, 'N', '2020/01/12', 8, 50, 148, 'PI'),
	(149, 'Rua Antonio Jose Vicente, 122', 105, 105, 469900.00, 'N', '2020/11/02', 10, 50, 149, 'PI'),
	(150, 'Avenida Alfredo Scharlau, 34', 42, 42, 100000.00, 'N', '2020/11/02', 11, 50, 150, 'PI'),
	(151, 'Centro, 43', 52, 56, 433000.00, 'N', '2020/09/03', 1, 51, 151, 'PI'),
	(152, 'Rua Barra da Tijuca, 52', 63, 65, 1520500.00, 'N', '2019/04/15', 2, 52, 152, 'RJ'),
	(153, 'Flamengo, 109', 49, 53, 1000000.00, 'N', '2020/11/07', 3, 52, 153, 'RJ'),
	(154, 'Leblon, 308', 80, 90, 2500000.00, 'N', '2020/03/09', 4, 52, 154, 'RJ'),
	(155, 'Limoeiro, 55', 34, 35, 200000.00, 'N', '2018/08/11', 5, 53, 155, 'RJ'),
	(156, 'Laranjal, 14', 64, 64, 567700.00, 'N', '2020/09/14', 6, 53, 156, 'RJ'),
	(157, 'Rua Rio das Flores, 44', 48, 49, 347000.00, 'N', '2020/11/10', 7, 53, 157, 'RJ'),
	(158, 'Rua Neves, 98', 78, 78, 260000.00, 'N', '2018/05/07', 8, 54, 158, 'RJ'),
	(159, 'Engenho do Mato, 209', 63, 64, 644000.00, 'N', '2019/07/26', 9, 54, 159, 'RJ'),
	(160, 'Barreto, 20', 89, 89, 776000.00, 'N', '2020/04/19', 10, 54, 160, 'RJ'),
	(161, 'Logoa Azul, 55', 102, 110, 1302000.00, 'N', '2019/04/02', 11, 55, 161, 'RN'),
	(162, 'Mae Luiza, 90', 87, 88, 378000.00, 'N', '2017/12/14', 12, 55, 162, 'RN'),
	(163, 'Tirol, 49', 80, 80, 585000.00, 'N', '2020/09/29', 13, 55, 163, 'RN'),
	(164, 'Aeroporto, 157', 78, 82, 870000.00, 'N', '2019/06/21', 14, 56, 164, 'RN'),
	(165, 'Centro, 122', 70, 76, 900000.00, 'N', '2018/08/07', 15, 56, 165, 'RN'),
	(166, 'Santa Julia, 490', 96, 98, 1400000.00, 'N', '2017/10/17', 1, 56, 166, 'RN'),
	(167, 'Rua Cotovelo, 29', 65, 68, 350000.00, 'N', '2020/06/04', 2, 57, 167, 'RN'),
	(168, 'Centro, 445', 92, 98, 400000.00, 'N', '2017/12/09', 3, 57, 168, 'RN'),
	(169, 'Marina, 201', 59, 59, 860000.00, 'N', '2019/01/17', 4, 57, 169, 'RN'),
	(170, 'Rua Rubem Berta, 44', 77, 80, 330000.00, 'N', '2018/02/22', 5, 58, 170, 'RS'),
	(171, 'Centro Historico, 127', 98, 103, 1000000.00, 'N', '2020/05/30', 6, 58, 171, 'RS'),
	(172, 'Paternol, 309', 57, 57, 280000.00, 'N', '2017/05/28', 7, 58, 172, 'RS'),
	(173, 'Av. 10 Distrito, 187', 68, 69, 900000.00, 'N', '2019/12/05', 8, 59, 173, 'RS'),
	(174, 'Av. 3 Distrito, 89', 77, 78, 1140700.00, 'N', '2020/10/09', 9, 59, 174, 'RS'),
	(175, 'Rua Barragem, 40', 69, 70, 68000.00, 'N', '2019/03/25', 10, 59, 175, 'RS'),
	(176, 'Av. 1 de Maio, 105', 78, 82, 370000.00, 'N', '2018/07/12', 11, 60, 176, 'RS'),
	(177, 'Espirito Santo, 329', 93, 96, 490000.00, 'N', '2020/02/15', 12, 60, 177, 'RS'),
	(178, 'Rua 4 Distrito, 19', 78, 83, 500000.00, 'N', '2018/09/26', 13, 60, 178, 'RS'),
	(179, 'Olavo Pires, 64', 76, 78, 650000.00, 'N', '2020/06/12', 14, 61, 179, 'RO'),
	(180, 'Tres Marias, 447', 95, 96, 1060000.00, 'N', '2019/07/08', 15, 61, 180, 'RO'),
	(181, 'Industrial, 198', 48, 57, 499000.00, 'N', '2020/10/03', 1, 61, 181, 'RO'),
	(182, 'Rua Centro, 78', 67, 67, 300000.00, 'N', '2018/12/07', 2, 62, 182, 'RO'),
	(183, 'Rua Beira do Rio, 369', 88, 89, 650000.00, 'N', '2019/06/19', 3, 62, 183, 'RO'),
	(184, 'Av. Setor 1, 89', 61, 68, 490000.00, 'N', '2020/03/30', 4, 62, 184, 'RO'),
	(185, 'Av. Setor 7, 182', 78, 82, 950000.00, 'N', '2020/09/20', 5, 63, 185, 'RO'),
	(186, 'Marcos Freie, 75', 60, 65, 700000.00, 'N', '2019/05/08', 6, 63, 186, 'RO'),
	(187, 'Bonanese, 48', 47, 47, 400000.00, 'N', '2018/09/14', 7, 63, 187, 'RO'),
	(188, 'Rua Jardim Floresta, 455', 78, 79, 490000.00, 'N', '2019/10/11', 8, 64, 188, 'RR'),
	(189, 'Tancredo Neves, 127', 66, 67, 300000.00, 'N', '2020/04/09', 9, 64, 189, 'RR'),
	(190, 'Asa Branca, 77', 86, 89, 700000.00, 'N', '2019/07/13', 10, 64, 190, 'RR'),
	(191, 'Centro, 155', 69, 72, 350000.00, 'N', '2020/11/04', 11, 65, 191, 'RR'),
	(192, 'Vila Nova, 37', 44, 46, 240000.00, 'N', '2020/09/21', 12, 65, 192, 'RR'),
	(193, 'Elsen Montenegro, 268', 64, 67, 500000.00, 'N', '2020/05/21', 13, 65, 193, 'RR'),
	(194, 'Santa Cecilia, 99', 65, 67, 500000.00, 'N', '2019/08/12', 14, 66, 194, 'RR'),
	(195, 'Centro, 32', 78, 78, 670000.00, 'N', '2020/07/30', 15, 66, 195, 'RR'),
	(196, 'Vila Uniao, 415', 89, 91, 600000.00, 'N', '2019/07/15', 1, 66, 196, 'RR'),
	(197, 'Trindade, 90', 70, 70, 570000.00, 'N', '2020/05/11', 2, 67, 197, 'SC'),
	(198, 'Morro das Pedras, 34', 52, 55, 180000.00, 'N', '2017/12/09', 3, 67, 198, 'SC'),
	(199, 'Canto , 121', 55, 58, 240000.00, 'N', '2019/03/03', 4, 67, 199, 'SC'),
	(200, 'Prainha, 98', 61, 67, 300500.00, 'N', '2020/09/01', 5, 68, 200, 'SC'),
	(201, 'Vila Juliana, 312', 77, 80, 580000.00, 'N', '2018/08/09', 6, 68, 201, 'SC'),
	(202, 'Barreiros, 103', 64, 64, 150000.00, 'N', '2019/11/28', 7, 68, 202, 'SC'),
	(203, 'Centro, 125', 98, 102, 800000.00, 'N', '2020/01/09', 8, 69, 203, 'SC'),
	(204, 'Eldorado, 209', 80, 86, 600000.00, 'N', '2018/05/20', 9, 69, 204, 'SC'),
	(205, 'Bairro Novo, 5', 69, 70, 550000.00, 'N', '2020/04/02', 10, 69, 205, 'SC'),
	(206, 'Vila Olimpia, 43', 170, 180, 2650000.00, 'N', '2019/05/17', 11, 70, 206, 'SP'),
	(207, 'Liberdade, 96', 110, 112, 1400000.00, 'N', '2020/03/06', 12, 70, 207, 'SP'),
	(208, 'Ibirapuera, 432', 170, 176, 3400000.00, 'N', '2019/11/29', 13, 70, 208, 'SP'),
	(209, 'Aeroporto, 201', 109, 109, 1400000.00, 'N', '2020/05/15', 14, 71, 209, 'SP'),
	(210, 'Camargos, 7', 78, 78, 500000.00, 'N', '2019/06/11', 15, 71, 210, 'SP'),
	(211, 'Vila Iris, 90', 68, 68, 470000.00, 'N', '2020/03/29', 1, 71, 211, 'SP'),
	(212, 'Centro, 79', 104, 106, 1100000.00, 'N', '2019/12/25', 2, 72, 212, 'SP'),
	(213, 'Novo Osasco, 235', 78, 79, 450000.00, 'N', '2020/11/26', 3, 72, 213, 'SP'),
	(214, 'Continental, 41', 59, 61, 250000.00, 'N', '2018/09/09', 4, 72, 214, 'SP'),
	(215, 'Olaria, 87', 78, 78, 500000.00, 'N', '2020/04/02', 5, 73, 215, 'SE'),
	(216, 'Mosqueiro, 99', 60, 62, 350000.00, 'N', '2019/06/26', 6, 73, 216, 'SE'),
	(217, 'Jabutiana, 342', 65, 65, 350000.00, 'N', '2020/03/19', 7, 73, 217, 'SE'),
	(218, 'Centro, 9', 110, 110, 1000000.00, 'N', '2019/01/30', 8, 74, 218, 'SE'),
	(219, 'Lagoa, 46', 88, 90, 970000.00, 'N', '2018/10/02', 9, 74, 219, 'SE'),
	(220, 'Zona Rural, 32', 70, 72, 800000.00, 'N', '2020/04/29', 10, 74, 220, 'SE'),
	(221, 'Macambira, 54', 62, 64, 300000.00, 'N', '2019/11/27', 11, 75, 221, 'SE'),
	(222, 'Centro, 120', 56, 56, 420000.00, 'N', '2018/05/19', 12, 75, 222, 'SE'),
	(223, 'Zona Rural, 94', 69, 73, 550000.00, 'N', '2020/05/02', 13, 75, 223, 'SE'),
	(224, 'Esplanada Lago, 77', 93, 96, 110000.00, 'N', '2019/07/30', 14, 76, 224, 'TO'),
	(225, 'Buritirana, 379', 60, 62, 500000.00, 'N', '2020/11/27', 15, 76, 225, 'TO'),
	(226, 'Taquaralto, 14', 75, 77, 800000.00, 'N', '2019/06/24', 1, 76, 226, 'TO'),
	(227, 'Centro, 6', 88, 92, 950000.00, 'N', '2020/03/21', 2, 77, 227, 'TO'),
	(228, 'Zona Rural, 99', 66, 67, 500000.00, 'N', '2018/11/04', 3, 77, 228, 'TO'),
	(229, 'Setor Guariroba, 8', 98, 100, 1000000.00, 'N', '2020/05/06', 4, 77, 229, 'TO'),
	(230, 'Centro, 21', 52, 55, 300000.00, 'N', '2019/08/17', 5, 78, 230, 'TO'),
	(231, 'Vila Sampaio, 222', 70, 74, 650000.00, 'N', '2019/11/28', 6, 78, 231, 'TO'),
	(232, 'Boa Vista, 43', 57, 59, 250000.00, 'N', '2020/11/27', 7, 78, 232, 'TO')
GO 

----------------------------------------------------------------------------
-- Part 7 - Entering five fictitious offers from each buyer

INSERT INTO offer
VALUES
	(1, 106500, '2019-07-09', 1, 1),
	(2, 89310, '2013-12-21', 2, 2),
	(3, 600000, '2017-08-04', 3, 3),
	(4, 1000000, '2000-01-12', 4, 4),
	(5, 1200000, '2010-08-04', 5, 5),
	(6, 160200, '2001-05-30', 6, 6),
	(7, 675000, '2009-11-30', 7, 7),
	(8, 400000, '2016-09-09', 8, 8),
	(9, 475520, '2003-02-18', 9, 9),
	(10, 1300000, '2002-10-07', 10, 10),
	(11, 89000, '2019-08-09', 1, 11),
	(12, 15000, '2020-04-08', 2, 12),
	(13, 180000, '2018-05-02', 3, 13),
	(14, 390000, '2020-07-09', 4, 14),
	(15, 275999, '2014-02-05', 5, 15),
	(16, 3456789, '2011-12-28', 6, 16),
	(17, 2000000, '2001-12-12', 7, 17),
	(18, 1500000, '2005-11-29', 8, 18),
	(19, 70000, '2003-05-14', 9, 19),
	(20, 500000, '2013-12-31', 10, 20),
	(21, 1705000, '2009-01-14', 1, 21),
	(22, 375000, '2000-04-03', 2, 22),
	(23, 40000, '2006-08-15', 3, 23),
	(24, 875000, '2007-09-07', 4, 24),
	(25, 907000, '2004-03-17', 5, 81),
	(26, 8000000, '2020-11-04', 6, 82),
	(27, 490900, '2017-09-07', 7, 83),
	(28, 120000, '2019-06-12', 8, 84),
	(29, 15000, '2002-04-08', 9, 85),
	(30, 500000, '2015-08-02', 10, 86),
	(31, 200000, '2011-12-14', 1, 87),
	(32, 1650000, '2017-09-27', 2, 88),
	(33, 250000, '2001-01-02', 3, 89),
	(34, 80000, '2005-02-20', 4, 90),
	(35, 275000, '2015-04-09', 5, 91),
	(36, 1000000, '2018-11-30', 6, 92),
	(37, 490000, '2009-10-10', 7, 93),
	(38, 700000, '2020-11-22', 8, 94),
	(39, 50000, '2019-11-21', 9, 95),
	(40, 2000000, '2017-09-03', 10, 96),
	(41, 405000, '2019-03-05', 1, 97),
	(42, 70000, '2018-08-08', 2, 98),
	(43, 600000, '2011-11-11', 3, 99),
	(44, 127500, '2016-10-10', 4, 100),
	(45, 1000000, '2000-04-06', 5, 101),
	(46, 192000, '2013-02-26', 6, 102),
	(47, 300000, '2018-04-28', 7, 103),
	(48, 97500, '2010-08-09', 8, 104),
	(49, 187000, '2019-03-30', 9, 105),
	(50, 1875000, '2020-11-23', 10, 106)
GO
