-- Creating the database

CREATE DATABASE Property;
GO

USE Property;
GO

CREATE TABLE country (
initials_country CHAR(2) NOT NULL PRIMARY KEY,
name_country VARCHAR(50) NOT NULL
); 
GO

CREATE TABLE range_property (
code_range INTEGER NOT NULL PRIMARY KEY,
name_range VARCHAR(50) NOT NULL,
value_minimum DECIMAL(8,2) NOT NULL,
value_maximum DECIMAL(9,2) NOT NULL
);
GO

CREATE TABLE city (
code_city INTEGER NOT NULL PRIMARY KEY,
name_city VARCHAR(80) NOT NULL,
-- FK
initials_country CHAR(2) NOT NULL,
FOREIGN KEY (initials_country) REFERENCES country(initials_country)
);
GO

CREATE TABLE neighborhood (
code_neighborhood INTEGER NOT NULL PRIMARY KEY,
name_neighborhood VARCHAR(80) NOT NULL,
-- FKS
code_city INTEGER NOT NULL,
initials_country CHAR(2) NOT NULL,
FOREIGN KEY (code_city) REFERENCES city(code_city),
FOREIGN KEY (initials_country) REFERENCES country(initials_country)
);
GO

CREATE TABLE buyers (
code_buyer INTEGER NOT NULL PRIMARY KEY,
name_buyer VARCHAR(80) NOT NULL,
name_address_buyer VARCHAR(100) NOT NULL, 
number_cpfbuyer DECIMAL(11,0) NOT NULL,
telephone_buyer BIGINT NOT NULL,
-- FKS
code_city INTEGER NOT NULL,
code_neighborhood INTEGER NOT NULL,
initials_country CHAR(2) NOT NULL,
FOREIGN KEY (code_city) REFERENCES city(code_city),
FOREIGN KEY (code_neighborhood) REFERENCES neighborhood(code_neighborhood),
FOREIGN KEY (initials_country) REFERENCES country(initials_country)
);
GO

CREATE TABLE salesman (
code_salesman INTEGER NOT NULL PRIMARY KEY,
name_salesman VARCHAR(80) NOT NULL,
name_address VARCHAR(100) NOT NULL,
number_cpf DECIMAL(11,0) NOT NULL,
telephone BIGINT NOT NULL,
birth_date DATE NOT NULL,
-- FKS
code_city INTEGER NOT NULL,
code_neighborhood INTEGER NOT NULL,
initials_country CHAR(2) NOT NULL,
FOREIGN KEY (code_city) REFERENCES city(code_city),
FOREIGN KEY (code_neighborhood) REFERENCES neighborhood(code_neighborhood),
FOREIGN KEY (initials_country) REFERENCES country(initials_country)
);
GO

CREATE TABLE property (
code_property INTEGER NOT NULL PRIMARY KEY,
name_address VARCHAR(100) NOT NULL,
number_useful_area INTEGER NOT NULL,
number_total_area INTEGER NOT NULL,
value_price DECIMAL(12,2) NOT NULL,
status_sold VARCHAR(1) NOT NULL,
date_launch DATE NOT NULL,
-- FKS
code_salesman INTEGER NOT NULL,
code_city INTEGER NOT NULL,
code_neighborhood INTEGER NOT NULL,
initials_country CHAR(2) NOT NULL,
FOREIGN KEY (code_salesman) REFERENCES salesman(code_salesman),
FOREIGN KEY (code_city) REFERENCES city(code_city),
FOREIGN KEY (code_neighborhood) REFERENCES neighborhood(code_neighborhood),
FOREIGN KEY (initials_country) REFERENCES country(initials_country)
);
GO

CREATE TABLE offer(
code_offer INTEGER NOT NULL PRIMARY KEY,
value_offer DECIMAL(12,2) NOT NULL,
date_offer DATE NOT NULL,
-- FKS
code_buyer INTEGER NOT NULL,
code_property INTEGER NOT NULL,
FOREIGN KEY (code_buyer) REFERENCES buyers(code_buyer),
FOREIGN KEY (code_property) REFERENCES property(code_property)
);
GO

----------------------------------------------------------------------------
-- Part 1 - Inserting all Brazilian countries in the country Table

INSERT INTO country
VALUES
	('AC', 'Acre'),
	('AL', 'Alagoas'),
	('AP', 'Amapa'),
	('AM', 'Amazonas'),
	('BA', 'Bahia'),
	('CE', 'Ceara'),
	('ES', 'Espirito Santo'),
	('GO', 'Goias'),
	('MA', 'Maranhao'),
	('MT', 'Mato Grosso'),
	('MS', 'Mato Grosso do Sul'),
	('MG', 'Minas Gerais'),
	('PA', 'Para'),
	('PB', 'Paraiba'),
	('PR', 'Parana'),
	('PE', 'Pernambuco'),
	('PI', 'Piaui'),
	('RR', 'Roraima'),
	('RO', 'Rondonia'),
	('RJ', 'Rio de Janeiro'),
	('RN', 'Rio Grande do Norte'),
	('RS', 'Rio Grande do Sul'),
	('SC', 'Santa Catarina'),
	('SP', 'Sao Paulo'),
	('SE', 'Sergipe'),
	('TO', 'Tocantins')
GO

----------------------------------------------------------------------------
-- Part 2 - Inserting all Brazilian capitals and two main municipalities in each county in the city table

INSERT INTO city
VALUES
	(1, 'Rio Branco', 'AC'),
	(2, 'Brasilia', 'AC'),
	(3, 'Cruzeiro do Sul', 'AC'),
	(4, 'Maceio', 'AL' ),
	(5, 'Arapiraca', 'AL'),
	(6, 'Rio Largo', 'AL'),
	(7, 'Macapa', 'AP'),
	(8, 'Santana', 'AP'),
	(9, 'Laranjal do Jari', 'AP'),
	(10, 'Manaus', 'AM'),
	(11, 'Alvaraes', 'AM'),
	(12, 'Barcelos', 'AM'),
	(13, 'Salvador', 'BA'),
	(14, 'Feira de Santana', 'BA'),
	(15, 'Vitoria da Conquista', 'BA'),
	(16, 'Fortaleza', 'CE'),
	(17, 'Caucaia', 'CE'),
	(18, 'Juazeiro do Norte', 'CE'),
	(19, 'Vitoria', 'ES'),
	(20, 'Serra', 'ES'),
	(21, 'Vila Velha', 'ES' ),
	(22, 'Goiania', 'GO'),
	(23, 'Abadia de Goias', 'GO'),
	(24, 'Bom Jesus de Goias', 'GO'),
	(25, 'Sao Luis', 'MA'),
	(26, 'Imperatriz', 'MA'),
	(27, 'Sao Jose do Ribamar', 'MA'),
	(28, 'Cuiaba', 'MT'),
	(29, 'Varzea Grande', 'MT'),
	(30, 'Rondonopolis', 'MT'),
	(31, 'Campo Grande', 'MS'),
	(32, 'Dourados', 'MS'),
	(33, 'Tres Lagoas','MS'),
	(34, 'Belo Horizonte', 'MG'),
	(35, 'Uberlendia', 'MG'),
	(36, 'Juiz de Fora', 'MG'),
	(37, 'Belem', 'PA'),
	(38, 'Santarem', 'PA'),
	(39, 'Maraba', 'PA'),
	(40, 'Joao Pessoa', 'PB'),
	(41, 'Campina Grande', 'PB'),
	(42, 'Santa Rita', 'PB'),
	(43, 'Curitiba', 'PR'),
	(44, 'Londrina', 'PR'),
	(45, 'Maringa', 'PR'),
	(46, 'Recife', 'PE'),
	(47, 'Caruaru', 'PE'),
	(48, 'Olinda', 'PE'),
	(49, 'Teresina', 'PI'),
	(50, 'Acaua', 'PI'),
	(51, 'Agricolandia', 'PI'),
	(52, 'Rio de Janeiro', 'RJ'),
	(53, 'Volta Redonda', 'RJ'),
	(54, 'Niteroi', 'RJ'),
	(55, 'Natal', 'RN'),
	(56, 'Mossoro', 'RN'),
	(57, 'Parnamirim', 'RN'),
	(58, 'Porto Alegre', 'RS'),
	(59, 'Pelotas', 'RS'),
	(60, 'Farroupilha', 'RS'),
	(61, 'Porto Velho', 'RO'),
	(62, 'Costa Marques', 'RO'),
	(63, 'Vilhena', 'RO'),
	(64, 'Boa Vista', 'RR'),
	(65, 'Pacaraima', 'RR'),
	(66, 'Canta', 'RR'),
	(67, 'Florianopolis', 'SC'),
	(68, 'Laguna', 'SC'),
	(69, 'Porto Velho', 'SC'),
	(70, 'Sao Paulo', 'SP'),
	(71, 'Guarulhos', 'SP'),
	(72, 'Osasco', 'SP'),
	(73, 'Aracaju', 'SE'),
	(74, 'Sao Francisco', 'SE'),
	(75, 'Macambira', 'SE'),
	(76, 'Palmas', 'TO'),
	(77, 'Novo Alegre', 'TO'),
	(78, 'Sampaio', 'TO')
GO

----------------------------------------------------------------------------
-- Part 3 - Inserting two neighborhoods of each city in the neighborhoods table

INSERT INTO neighborhood
VALUES
	(1, 'Raimundo Melo', 1, 'AC'),
	(2, 'Conjunto Solar', 1, 'AC'),
	(3, 'Geraldo Fleming', 1, 'AC'),
	(4, 'Centro', 2, 'AC'),
	(5, '3 Botequins', 2, 'AC'),
	(6, 'Barao 317', 2, 'AC'),
	(7, 'Centro', 3, 'AC'),
	(8, 'Aeroporto', 3, 'AC'),
	(9, 'Bairro Miritizal', 3, 'AC'),
	(10, 'Centro', 4, 'AL'),
	(11, 'Bom Parto', 4, 'AL'),
	(12, 'Fernao Velho', 4, 'AL'),
	(13, 'Alto Cruzeiro', 5, 'AL'),
	(14, 'Massaranduba', 5, 'AL'),
	(15, 'Boa Vista', 5, 'AL'),
	(16, 'Brasil Novo', 6, 'AL'),
	(17, 'Utinga', 6, 'AL'),
	(18, 'Mata Rolo', 6, 'AL'),
	(19, 'Alvorada', 7, 'AP'),
	(20, 'Central', 7, 'AP'),
	(21, 'Bona Azul', 7, 'AP'),
	(22, 'Vila Amazonas', 8, 'AP'),
	(23, 'Centro', 8, 'AP'),
	(24, 'Fonte Nova', 8, 'AP'),
	(25, 'Agresre', 9, 'AP'),
	(26, 'Centro', 9, 'AP'),
	(27, 'Malvina', 9, 'AP'),
	(28, 'Alvorada', 10, 'AM'),
	(29, 'Centro', 10, 'AM'),
	(30, 'Redencao', 10, 'AM'),
	(31, 'Novo I', 11, 'AM'),
	(32, 'Centro', 11, 'AM'),
	(33, 'Visaginha', 11, 'AM'),
	(34, 'Gruta', 12, 'AM'),
	(35, 'Centro', 12, 'AM'),
	(36, 'Nazare', 12, 'AM'),
	(37, 'Rio Sena', 13, 'BA'),
	(38, 'Centro', 13, 'BA'),
	(39, 'Barra', 13, 'BA'),
	(40, 'Calumbi', 14, 'BA'),
	(41, 'Aviario', 14, 'BA'),
	(42, 'Conceicao', 14, 'BA'),
	(43, 'Centro', 15, 'BA'),
	(44, 'Felecia', 15, 'BA'),
	(45, 'Zabele', 15, 'BA'),
	(46, 'Jardim Iracema', 16, 'CE'),
	(47, 'Centro', 16, 'CE'),
	(48, 'Damas', 16, 'CE'),
	(49, 'Capua', 17, 'CE'),
	(50, 'Centro', 17, 'CE'),
	(51, 'Santa Fe', 17, 'CE'),
	(52, 'Romeirao', 18, 'CE'),
	(53, 'Centro', 18,'CE'),
	(54, 'Iparana', 18, 'CE'),
	(55, 'Bonfim', 19, 'ES'),
	(56, 'Centro', 19, 'ES'),
	(57, 'Penha', 19, 'ES'),
	(58, 'Ourimar', 20, 'ES'),
	(59, 'Centro', 20, 'ES'),
	(60, 'Jacuhy', 20, 'ES'),
	(61, 'Alecrim', 21, 'ES'),
	(62, 'Alvoada', 21, 'ES'),
	(63, 'Horto', 21, 'ES'),
	(64, 'Jardim Sao Jose', 22, 'GO'),
	(65, 'Setor Santa Rita', 22, 'GO'),
	(66, 'Jardim Planato', 22, 'GO'),
	(67, 'Jardim Itaruma', 23, 'GO'),
	(68, 'Parque Izabel', 23, 'GO'),
	(69, 'Quinta Sonho', 23, 'GO'),
	(70, 'Olimpia', 24, 'GO'),
	(71, 'Tropical',  24, 'GO'),
	(72, 'Zona Rural',  24, 'GO'),
	(73, 'Diamante', 25, 'MA'),
	(74, 'Terra Livre', 25, 'MA'),
	(75, 'Anjo Guarda', 25, 'MA'),
	(76, 'Ouro Verde', 26, 'MA'),
	(77, 'Centro', 26, 'MA'),
	(78, 'Parque das Estrelas', 26, 'MA'),
	(79, 'Pindai', 27, 'MA'),
	(80, 'Barbosa', 27, 'MA'),
	(81, 'Saramanta', 27, 'MA'),
	(82, 'Araes', 28, 'MT'),
	(83, 'Jardim Aquarius', 28, 'MT'),
	(84, 'Quarta Feira', 28, 'MT'),
	(85, '23 de Setembro', 29, 'MT'),
	(86, 'Petropolis', 29, 'MT'),
	(87, 'Cohab 7 maio', 29, 'MT'),
	(88, 'Cidade Alta', 30, 'MT'),
	(89, 'Centro', 30, 'MT'),
	(90, 'Bom Pastor', 30, 'MT'),
	(91, 'Bom Retiro', 31, 'MS'),
	(92, 'Jardim Italia', 31, 'MS'),
	(93, 'Parque do Sol', 31, 'MS'),
	(94, 'Laranja Doce', 32, 'MS'),
	(95, 'Santa Rita do Pardo', 32, 'MS'),
	(96, 'Panambi Vera', 32, 'MS'),
	(97, 'Carioca', 33, 'MS'),
	(98, 'Centro', 33, 'MS'),
	(99, 'Vila Haro', 33, 'MS'),
	(100, 'Miramar', 34, 'MG'),
	(101, 'Sao Gabriel', 34, 'MG'),
	(102, 'Anchieta', 34, 'MG'),
	(103, 'Cazeca', 35, 'MG'),
	(104, 'Dona Zulmira', 35, 'MG'),
	(105, 'Guarani', 35, 'MG'),
	(106, 'Bairu', 36, 'MG'),
	(107, 'Grama', 36, 'MG'),
	(108, 'Novo Triunfo', 36, 'MG'),
	(109, 'Fatima', 37, 'PA'),
	(110, 'Centro', 37, 'PA'),
	(111, 'Aguas Lindas', 37, 'PA'),
	(112, 'Vitoria Regia', 38, 'PA'),
	(113, 'Aparecida', 38, 'PA'),
	(114, 'Centro', 38, 'PA'),
	(115, 'Vila Sao Jose', 39, 'PA'),
	(116, 'Liberdade', 39, 'PA'),
	(117, 'Mor Nova', 39, 'PA'),
	(118, 'Manaira', 40, 'PB'),
	(119, 'Bessa', 40, 'PB'),
	(120, 'Tambau', 40, 'PB'),
	(121, 'Palmeira', 41, 'PB'),
	(122, 'Itarare', 41, 'PB'),
	(123, 'Jardim Quarenta', 41, 'PB'),
	(124, 'Eitelephone santiago', 42, 'PB'),
	(125, 'Tibiri', 42, 'PB'),
	(126, 'Centro', 42, 'PB'),
	(127, 'Lindoia', 43, 'PR'),
	(128, 'Barigui', 43, 'PR'),
	(129, 'Atuba', 43, 'PR'),
	(130, 'Jardim Ok', 44, 'PR'),
	(131, 'Centro', 44, 'PR'),
	(132, 'Perobinha', 44, 'PR'),
	(133, 'Portal das Torres', 45, 'PR'),
	(134, 'Cidade Jardim', 45, 'PR'),
	(135, 'Bom Jardim', 45, 'PR'),
	(136, 'Curado', 46, 'PE'),
	(137, 'Barro', 46, 'PE'),
	(138, 'Monteiro', 46, 'PE'),
	(139, 'Vassoural', 47, 'PE'),
	(140, 'Centro', 47, 'PE'),
	(141, 'Kennedy', 47, 'PE'),
	(142, 'Rio Doce', 48, 'PE'),
	(143, 'Arruda', 48, 'PE'),
	(144, 'Fragoso', 48, 'PE'),
	(145, 'Saci', 49, 'PI'),
	(146, 'Alto Alegre', 49, 'PI'),
	(147, 'Matinha', 49, 'PI'),
	(148, 'Centro', 50, 'PI'),
	(149, 'Zona Rural', 50, 'PI'),
	(150, 'Cohab', 50, 'PI'),
	(151, 'Centro', 51, 'PI'),
	(152, 'Barra da Tijuca', 52, 'RJ'),
	(153, 'Flamengo', 52, 'RJ'),
	(154, 'Leblon', 52, 'RJ'),
	(155, 'Limoeiro', 53, 'RJ'),
	(156, 'Laranjal', 53, 'RJ'),
	(157, 'Rio das Flores', 53, 'RJ'),
	(158, 'Neves', 54, 'RJ'),
	(159, 'Engenho do Mato', 54, 'RJ'),
	(160, 'Barreto', 54, 'RJ'),
	(161, 'Lagoa Azul', 55, 'RN'),
	(162, 'Mae Luiza', 55, 'RN'),
	(163, 'Tirol', 55, 'RN'),
	(164, 'Aeroporto', 56, 'RN'),
	(165, 'Centro', 56, 'RN'),
	(166, 'Santa Julia', 56, 'RN'),
	(167, 'Cotovelo', 57, 'RN'),
	(168, 'Centro', 57, 'RN'),
	(169, 'Marina', 57, 'RN'),
	(170, 'Rubem Berta', 58, 'RS'),
	(171, 'Centro Historico', 58, 'RS'),
	(172, 'Partenol', 58, 'RS'),
	(173, '10 Distrito', 59, 'RS'),
	(174, '3 Distrito', 59, 'RS'),
	(175,'Barragem', 59, 'RS'),
	(176, '1 de Maio', 60, 'RS'),
	(177, 'Espirito Santo', 60, 'RS'),
	(178, '4 Distrito', 60, 'RS'),
	(179, 'Olavo Pires', 61, 'RO'),
	(180, 'Tres Marias', 61, 'RO'),
	(181, 'Industrial', 61, 'RO'),
	(182, 'Centro', 62, 'RO'),
	(183, 'Beira do Rio', 62, 'RO'),
	(184, 'Setor 1', 62, 'RO'),
	(185, 'Setor 7', 63, 'RO'),
	(186, 'Marcos Freie' ,63, 'RO'),
	(187, 'Bonanese', 63, 'RO'),
	(188, 'Jardim Floresta', 64, 'RR'),
	(189, 'Tancredo Neves', 64, 'RR'),
	(190, 'Asa Branca', 64, 'RR'),
	(191, 'Centro', 65, 'RR'),
	(192, 'Vila Nova', 65, 'RR'),
	(193, 'Elsen Montenegro', 65, 'RR'),
	(194, 'Santa Cecilia', 66, 'RR'),
	(195, 'Centro', 66, 'RR'),
	(196, 'Vila Uniao', 66, 'RR'),
	(197, 'Trindade', 67, 'SC'),
	(198, 'Morro das Pedras', 67, 'SC'),
	(199, 'Canto', 67, 'SC'),
	(200, 'Prainha', 68, 'SC'),
	(201, 'Vila Juliana', 68, 'SC'),
	(202, 'Barreiros', 68, 'SC'),
	(203, 'Centro', 69, 'SC'),
	(204, 'Eldorado', 69, 'SC'),
	(205, 'Bairro Novo', 69, 'SC'), 
	(206, 'Vila Olimpia', 70, 'SP'),
	(207, 'Liberdade', 70, 'SP'),
	(208, 'Ibiapuera', 70, 'SP'),
	(209, 'Aeroporto', 71, 'SP'),
	(210, 'Camargos', 71, 'SP'),
	(211, 'Vila Iris', 71, 'SP'),
	(212, 'Centro', 72, 'SP'),
	(213, 'Novo Osasco', 72, 'SP'),
	(214, 'Continental', 72, 'SP'),
	(215, 'Olaria', 73, 'SE'),
	(216, 'Mosqueiro', 73, 'SE'),
	(217, 'Jabutiana', 73, 'SE'),
	(218, 'Centro', 74, 'SE'),
	(219, 'Lagoa', 74, 'SE'),
	(220, 'Zona Rural', 74, 'SE'),
	(221, 'Macambira', 75, 'SE'),
	(222, 'Centro', 75, 'SE'),
	(223, 'Zona Rural', 75, 'SE'),
	(224, 'Esplanada Lago', 76, 'TO'),
	(225, 'Buritirana', 76, 'TO'),
	(226, 'Taquaralto', 76, 'TO'),
	(227, 'Centro', 77, 'TO'),
	(228, 'Zona Rural', 77, 'TO'),
	(229, 'Setor Guariroba', 77, 'TO'),
	(230, 'Centro', 78, 'TO'),
	(231, 'Vila Sampaio', 78, 'TO'),
	(232, 'Boa Vista', 78, 'TO')
GO

----------------------------------------------------------------------------
-- Part 4 - Entering ten fictitious buyers

INSERT INTO buyers
VALUES
	(1,'Sophia Alana Bernares', 'Travessa Marilda Pereira, 865', 98727075109, 71986439001, 13, 37, 'BA'),
	(2, 'Pedro Felipe Barros', 'Rua Carlos Olavo Vicentini, 14', 11411577213, 96992554467, 7, 19, 'AP'),
	(3, 'Gabriela Jesus da Silva', 'Rua Jose Maurinho de Abreu, 90', 08110396763, 21935249752, 52, 152, 'RJ'),
	(4, 'Adriana Caldeira Sales', 'Rua Juiz de Fora Pinto, 62', 14207436683, 35982613755, 35, 105, 'MG'),
	(5, 'Joaquin Severino Soares', 'Rua Eunice Delfino, 352', 93671549392, 22987462454, 30, 90, 'MT'),
	(6, 'Ana Carolina Cardoso Melo', 'Rua Quinze de Novembro, 555', 70092486649, 82994428237, 4, 10, 'AL'),
	(7, 'Mashara Rebelo da Silva', 'Rua Socrates, 212', 73350935967, 11997453042, 70, 207, 'SP'),
	(8, 'Leonardo Almeida Moreno', 'Rua Frederico Lopes, 34', 20879535233, 47976331142, 69, 204, 'SC'),
	(9, 'Victor Hugo Freitas', 'Rua Olivio Domingues, 704', 68608814922,23905487330, 76, 226, 'TO'),
	(10, 'Alison Francisco Sales', 'Rua Ricardo Belem, 18', 55236458961, 68994410518, 1, 3, 'AC')
GO

----------------------------------------------------------------------------
-- Part 5 - Inserting fifteen fictitious sellers (linked with different real estate agents)

INSERT INTO salesman
VALUES
	(1, 'Sandra Regina Volpiano', 'Av. Engenheiro Luis Carlos Berrini, 43', 84964805000, 65539605903, '2002-08-04', 70, 213, 'SP'),
	(2, 'Andre Carlos Monte', 'Rua Monte Serrat, 22', 50418227004, 10571795518, '1960-01-01', 21, 61, 'ES'),
	(3, 'Carlos Roberto Pomposa', 'Rua Alberto Hinoto Bento, 99', 38117097044, 85237208474, '1901-09-08', 17, 50, 'CE'),
	(4, 'Gabriel Lopes Queiros', 'Rua Verbo Divino, 10', 69063607016, 45607111818, '2008-08-08', 19, 57, 'ES'),
	(5, 'Juan Alemany dos Santos', 'Rua Morumbi, 498', 50429872070, 76650196873, '2000-11-15', 13, 43, 'BA'),
	(6, 'Victor Fernando Parames Neto', 'Afogados, 19', 11067382097, 24446332326, '2004-04-04', 22, 66, 'GO'),
	(7, 'Brunno Alves Penna', 'Rua America, 90', 86596781097, 48722081145, '2001-03-29', 28, 85, 'MT'),
	(8, 'Lorena Figueira Bolonhese', 'Rua Charles Barbosa, 669', 11580599060, 89531340128, '1999-12-31', 46, 142, 'PE'),
	(9, 'Tatiane Marques Souza', 'Rua Oito, 4', 06879603041, 49777202895, '1968-08-22', 54, 155, 'RJ'),
	(10, 'Laura de Mello Ruas', 'Av. Carlos Lacerda', 64117644092, 18111087703, '1987-01-04', 49, 147, 'PI'),
	(11, 'Brunno Penna dos Santos', 'Vila Tramontano, 789', 15229189061, 28516276500, '2002-06-27', 4, 11, 'AL'),
	(12, 'Laura Helena Gonsalves', 'Av. Dr. Timoteo Penteado, 98', 78873945031, 74488047830, '2011-12-13', 31, 100, 'MS'),
	(13, 'Adalberto Faria Gemendo', 'Parque dos Ipes, 400', 70985765062, 22673940387, '1948-07-15', 56, 178, 'RS'),
	(14, 'Rodrigo Penna Albuquerque', 'Rua Cachoirea, 3', 34654881050, 21530459973, '2008-12-20', 44, 128, 'PR'),
	(15, 'Chester Bennington Hoolsvelt', 'Rua Cacique, 87', 11394840012, 65189424690, '2007-07-07', 33, 95, 'MS')
GO
